model,horizon,MAE,RMSE,MAPE_%,sMAPE_%,MASE,DirAcc_%,OOS_R2_ret_%,Skill_vs_naive_%,DM_stat,DM_p,IC,n
naive,1,8.092698677507022,11.10394373918334,2.6337108727709557,2.634168132031729,1.0,,0.0,0.0,,,,756
drift,1,8.119846756085117,11.1379531087228,2.6446340085951543,2.6425684420616595,1.0033546385031673,47.75132275132275,-0.5249778320378873,-0.30628189711956466,1.8616522899613621,0.06304049794457711,-0.07354982912210378,756
arima,1,8.163607463657824,11.17710318685431,2.6565172198150595,2.652868797242245,1.0087620692400037,50.79365079365079,-0.4140900202034947,-0.658860035581843,0.544572589215324,0.5862083132226971,-0.004837404588950864,756
theta,1,8.131802913137989,11.129165637364688,2.6461090854483693,2.6450986923015813,1.004832039000742,48.80952380952381,-0.4628236910459771,-0.22714360567539504,1.6028495226628563,0.10938612813550452,-0.06483861825179506,756
ridge,1,8.096957247318208,11.11263009050249,2.6366174806581246,2.634130757371353,1.0005262236963082,50.92592592592593,-0.050737737236894453,-0.0782276236549917,0.19045793410590214,0.8490015018879722,-0.010434167747368165,756
lightgbm,1,8.105501695621914,11.096560444748635,2.6416344575169846,2.6397794082481454,1.001582045572817,51.85185185185185,0.20961306849199834,0.06649254182233832,-0.24842367464356863,0.8038741728401593,0.043698055681573755,756
xgboost,1,8.096133467792827,11.091290612962721,2.6360059708100434,2.6351418965653255,1.0004244307644063,52.910052910052904,0.3951332948170405,0.11395164202757657,-0.6727374255185088,0.5013201962127162,0.040277942677620734,756
gru_attention,1,8.08139815416314,11.075866341818895,2.6344451733176957,2.632910234280225,0.9986036149627947,54.36507936507936,0.5210611927128572,0.25285968682789983,-1.0479461394676142,0.2949987739367872,0.07695797213324573,756
tcn,1,8.080702239431217,11.120134600069605,2.6276169167941443,2.6237718669347836,0.9985176220499661,53.70370370370371,0.22051009450829717,-0.1458118058463409,-0.38111236796587583,0.7032270875981383,0.041330829910706905,756
transformer,1,8.163259772251632,11.218057434329978,2.6575178805542006,2.662449400536717,1.0087191056477525,52.64550264550265,-1.9773091671233312,-1.0276861791361336,1.6539718142333517,0.09854890322204377,0.02576331269412183,756
ensemble,1,8.07328620820135,11.093434686530495,2.6286507816853835,2.627452647299538,0.9976012366110175,52.38095238095239,0.31090144917884643,0.09464252431107267,-1.0204105038785345,0.307860668458867,0.04291864529120341,756
naive,2,11.354768543369724,15.437277575346336,3.7307773681647354,3.7344538743722735,1.0,,0.0,0.0,,,,755
drift,2,11.473978237704808,15.529659135919232,3.7740067798817383,3.7705098634231367,1.0104986459107255,46.49006622516556,-1.0469148941825823,-0.5984316866882722,1.879011048431406,0.06062850793820641,-0.11090837304584733,755
arima,2,11.52848812156974,15.579706255468086,3.7833460335632645,3.775499510652411,1.015299261938849,49.40397350993378,-0.4877818510415244,-0.92262822525917,0.43497263335692044,0.6637067596144253,-0.0011069871997024315,755
theta,2,11.41920967828148,15.492490469229454,3.755109152657753,3.7547186632264715,1.0056752486557186,48.079470198675494,-0.6593040374347714,-0.35765952651711785,1.673623824349827,0.09461931152272508,-0.07965985956394725,755
ridge,2,11.407745132043559,15.462022481548729,3.7515417776739426,3.7471155224584574,1.0046655806740128,48.741721854304636,-0.09826533846020169,-0.16029319989627755,0.20416427423406744,0.838280221601167,-0.019868218863423246,755
lightgbm,2,11.434017730878095,15.416949451305113,3.7554692924765356,3.7546462861159946,1.0069793749829137,51.12582781456953,0.4149294099753953,0.13168205301747893,-0.3566820863572684,0.7214296091848217,0.04315925631294436,755
xgboost,2,11.412190743289049,15.420740562547795,3.7498098411779734,3.748213599753102,1.0050570999928357,49.93377483443708,0.40042916931912753,0.10712389356106744,-0.4727531712689352,0.6365261000392212,0.03817007635230973,755
gru_attention,2,11.414445760005732,15.497553385766413,3.7477840051356734,3.7534427480800243,1.005255696442254,50.72847682119205,-0.869170311428924,-0.3904562195366612,1.067122607787026,0.2862580262129286,-0.0037392081922796696,755
tcn,2,11.36093345073349,15.45049887948929,3.734393662802272,3.7322175750046984,1.0005429355376307,53.907284768211916,0.07354131650888496,-0.08564530940395887,-0.06385714383538918,0.9491009018236916,0.0629980863824207,755
transformer,2,11.60012543577369,15.619046505524281,3.816033838158353,3.81158316359738,1.0216082689371273,49.5364238410596,-1.973955978419517,-1.1774675248972244,1.1697935463856073,0.24245369669936293,0.0010186535192244256,755
ensemble,2,11.391614299624084,15.432357953873911,3.74375562060033,3.742233503187975,1.003244958812998,49.271523178807946,0.2599969732983043,0.03186845250668924,-0.5230554174141773,0.6010893577213362,0.011099623271351977,755
naive,3,13.866432210178537,18.77469463818471,4.575264024401083,4.583663986739692,1.0,,0.0,0.0,,,,754
drift,3,14.076805970819692,18.943735566345538,4.6526456589413066,4.647830672617843,1.0151714411791326,45.88859416445623,-1.5725243990480697,-0.9003657924588904,1.915091434494588,0.05585939849663976,-0.13381727363562068,754
arima,3,14.101596861569714,18.966250829216357,4.657525111349827,4.643024064088239,1.0169592760290969,49.86737400530504,-0.6629442344761483,-1.0202892495628335,0.5431110328101123,0.5872140836571419,2.173749186156283e-05,754
theta,3,13.968634401916136,18.87602188123948,4.614428301893928,4.61519424490215,1.0073704749850922,48.01061007957559,-0.9327171280523849,-0.5397011509773897,1.6328952106519854,0.10290908576761512,-0.09683431153213135,754
ridge,3,13.970973303064312,18.824057117468076,4.619345913614033,4.613130522831538,1.0075391485928902,48.143236074270554,-0.1923486632007032,-0.2629202777177042,0.2883759577162234,0.7731383294119035,-0.02615935681099097,754
lightgbm,3,13.99932771724816,18.80004549656715,4.631234452766745,4.630137289793744,1.0095839726510236,50.397877984084886,-0.1442916632133695,-0.13502674142504834,0.10160644395179214,0.9190961134667769,0.04580705407505538,754
xgboost,3,13.956337654936638,18.823536598594913,4.610280185954222,4.609704433257146,1.0064836753532107,50.53050397877984,0.036457011373969284,-0.26014782850778406,-0.03577588092005259,0.9714705465702395,0.026459426579521675,754
gru_attention,3,13.8777306403401,18.741699575725757,4.578521183924964,4.588017134567437,1.000814804413299,53.58090185676393,0.5020238375609942,0.17574220563802978,-0.5623768844476906,0.5740266378454931,0.06917559967238394,754
tcn,3,14.01238761559673,18.868754437323805,4.6341941595706295,4.622947676573045,1.0105258081679478,49.3368700265252,-0.38743188068555146,-0.5009924313112091,0.23761962381733676,0.8122407664554752,0.040490564661794785,754
transformer,3,14.073553036064693,18.961263776483303,4.633356600580203,4.665045591773773,1.014936850571708,51.591511936339515,-1.7614909804811951,-0.9937266192289629,0.7319620089944238,0.46441949963057655,0.03647944452799934,754
ensemble,3,13.911806526597989,18.75495329226344,4.596245018889769,4.597492302332286,1.0032722416070476,49.602122015915114,0.4295852526221222,0.10514869243795077,-0.7116330183814377,0.47691245381419384,0.024156008285441684,754
naive,4,16.067676154107534,21.533642060236758,5.2978356145668934,5.311271566491961,1.0,,0.0,0.0,,,,753
drift,4,16.33467634207789,21.78723404258889,5.400410976130038,5.393599923903579,1.0166172248811538,45.41832669322709,-2.0685129299729432,-1.1776548604399917,1.906745848532554,0.056934351309060494,-0.13883837638890795,753
arima,4,16.286521368795604,21.722830069255824,5.385709571641579,5.363108350901374,1.0136202156795477,49.26958831341302,-0.6325366257770249,-0.8785694890341533,0.47740176670194584,0.633214775239074,-0.0037893462551397213,753
theta,4,16.219002084319957,21.691263893361235,5.350895786113155,5.352491665481705,1.009418034615649,47.941567065073045,-1.2320460575485415,-0.7319794426022153,1.6124521402713956,0.10728314985515802,-0.10692058786694186,753
ridge,4,16.214964566665444,21.613938200651265,5.359686119182756,5.3500762229349705,1.0091667526246635,47.941567065073045,-0.3035044448312485,-0.3728869468057949,0.3524265649888343,0.724617129771935,-0.026764970143692963,753
lightgbm,4,16.26609057941401,21.77192189857252,5.370928222946465,5.3695528008534525,1.0123486696771489,50.73041168658698,-1.671557193945783,-1.1065468519872779,0.9266987525287625,0.35438027588994964,0.004365769609636402,753
xgboost,4,16.160906923260935,21.6744576976027,5.330633561241033,5.330544168576527,1.0058023803977134,50.59760956175299,-0.48054862696629286,-0.6539332128398634,0.3576102880952296,0.7207353210514659,0.007685382405138744,753
gru_attention,4,16.132591131750274,21.458404465425307,5.320721622935053,5.323327366874904,1.0040400974615202,52.45683930942895,1.2200989827308995,0.3493955857582609,-0.9492117554641014,0.3428178668571808,0.0846651769804354,753
tcn,4,16.20401832124725,21.70845151961588,5.351330702952369,5.3415198872933844,1.0084854938469034,50.199203187250994,-0.9355019643366047,-0.8117969960219629,0.42549662971485874,0.6705964164163392,0.03256062605495396,753
transformer,4,16.276476376795536,21.844837277559126,5.352908221798835,5.401485948504063,1.0129950479886056,51.39442231075697,-2.9079810652155924,-1.4451583083430641,1.096811292143786,0.27307499098413696,0.043771131400803465,753
ensemble,4,16.133000831501647,21.556079293421277,5.325641146800271,5.327357913181963,1.0040655958439524,51.26162018592297,0.10021114436341572,-0.10419618344985615,-0.12427779079052224,0.9011285425951934,0.014033065772914887,753
naive,5,17.774787294103742,23.72043111830603,5.8683731026189285,5.88698121430274,1.0,,0.0,0.0,,,,752
drift,5,18.16844945648762,24.06541193080726,6.011935911948382,6.00250210885484,1.022147222122566,46.01063829787234,-2.5919454416826637,-1.4543614775829106,1.8833135809316524,0.06004408571822457,-0.155890927606118,752
arima,5,17.990488120672214,23.896641336093495,5.961572787413501,5.9310325707798635,1.0121352128157406,48.8031914893617,-0.453038703306774,-0.74286262719514,0.28425560471089534,0.7762928616813111,-0.0010170666739507108,752
theta,5,18.0066131007695,23.938405926109887,5.9464038417916765,5.948660618860859,1.0130423955476902,48.27127659574468,-1.5437887709206954,-0.9189327407950643,1.5984857828942067,0.11035552190859706,-0.13245239852556795,752
ridge,5,17.973293132670904,23.81935579877756,5.9499036017596705,5.935374696431748,1.0111678320129889,48.005319148936174,-0.26464931163532324,-0.41704419273891347,0.23863444012051893,0.8114541577597056,-0.023923345064933904,752
lightgbm,5,18.04634239642585,24.11416701479904,5.971077762680037,5.969756645536566,1.0152775444132707,50.930851063829785,-2.6480888663785285,-1.6599019407752102,1.1770688935212874,0.2395409236449587,-0.019992105691182628,752
xgboost,5,17.866468519010645,23.881054094853564,5.904875627174481,5.906484690933481,1.0051579365417957,49.86702127659575,-0.5494513324842076,-0.677150325583975,0.32764976788392386,0.7432678037273812,0.001933592089979318,752
gru_attention,5,17.712624387282762,23.620010911896472,5.85823363592488,5.86727516538204,0.9965027482021346,55.319148936170215,1.1768913912326262,0.4233489935689283,-0.6601815830148259,0.5093397339360857,0.10042423726630718,752
tcn,5,18.039533064919855,24.078337934104113,5.971509509550577,5.950060019599456,1.0148944550747976,49.601063829787236,-2.0098019609211093,-1.5088545988604318,0.7238663270323904,0.46937322042033286,0.03804960343909231,752
transformer,5,18.20281318618268,24.407056097007178,5.972258123643265,6.048270442566016,1.0240805071248826,51.72872340425532,-5.769325166369121,-2.8946564051749,1.6125606470748344,0.10726011148519628,0.010835824901656934,752
ensemble,5,17.863403771098465,23.77340360884619,5.905693633124579,5.908735030139533,1.0049855154679752,49.202127659574465,-0.1858380569295992,-0.22332010019530113,0.19106351445979086,0.8485274724685299,-0.002207872479258815,752
naive,6,19.27577902315142,25.782272279537114,6.37343287564818,6.3879408777390525,0.9999999999999998,,0.0,0.0,,,,751
drift,6,19.793654662375975,26.238633126085894,6.562916596816086,6.540309052457932,1.026866651594343,45.13981358189081,-3.199799647993662,-1.7700567335602324,1.9096418611856258,0.056560583932110636,-0.17197132900813103,751
arima,6,19.574848867125368,26.009033301801157,6.493311302647115,6.444167988456123,1.0155153181417333,51.1318242343542,-0.5376457597050521,-0.8795230296439804,0.28358056027724643,0.7768100977972177,0.0033013287248208063,751
theta,6,19.57835015375695,26.071770910263965,6.475692662817643,6.468979346445088,1.0156969599123398,47.53661784287617,-1.8944667857722308,-1.122859256112263,1.631766672264464,0.10314842925837454,-0.14454140578519423,751
ridge,6,19.483993966193886,25.898071260657638,6.461067721358065,6.431518869607271,1.0108018951032995,50.33288948069241,-0.22123246800556107,-0.4491418749480447,0.16216361496098824,0.8712206893952317,-0.005321273762642718,751
lightgbm,6,19.55609339748617,26.222064708897122,6.475815253981307,6.470294796287249,1.0145423110525427,50.59920106524633,-2.9102519631441615,-1.705793905950892,1.1135442379978548,0.2658315056137288,-0.01812360823866051,751
xgboost,6,19.393178745048584,25.94199965328338,6.417059513833326,6.409078570413053,1.0060905305957366,50.7323568575233,-0.4723501981286349,-0.619524035796637,0.2539331698271721,0.7996167869279384,0.006396577612828286,751
gru_attention,6,19.27027751447991,25.67271186533836,6.384428740819622,6.391577325905796,0.9997145895548551,54.72703062583223,0.7384519569881953,0.42494475665634246,-0.3259248458686407,0.7445721317969175,0.0616862056265405,751
tcn,6,19.65408697778756,26.18227944071243,6.537136382043989,6.520199830431298,1.019626078623425,50.19973368841545,-2.889330926560052,-1.551481408769373,0.9900540492651881,0.322466998763224,0.004133184123296598,751
transformer,6,20.012541843338333,26.667084951184737,6.587507637765809,6.644818704082722,1.038222207221924,50.86551264980027,-7.18848260875411,-3.4318645853022023,1.6547972893542966,0.09838400194010063,0.0014095532198203815,751
ensemble,6,19.418601461140927,25.880573412985328,6.431079533185013,6.425119541340675,1.0074094249481678,47.53661784287617,-0.5379112074016534,-0.38127412658748305,0.4490855978448503,0.6534996441884349,-0.0240883077881973,751
naive,7,21.01964013671875,27.82764369818007,6.978138686569207,6.985162942245285,1.0,,0.0,0.0,,,,750
drift,7,21.563987594871104,28.402588466968346,7.185978672704967,7.145193927122417,1.025897087419753,45.6,-3.7694500911920725,-2.0660921744728222,1.9324090041530038,0.05368579894908653,-0.17859096638394023,750
arima,7,21.323053260835053,28.131955402559893,7.103662949309185,7.029812403728148,1.0144347439890884,51.6,-0.639696351835739,-1.0935590080151991,0.29715788953419014,0.7664283613643478,0.008796531193833232,750
theta,7,21.302312022186204,28.19193343197287,7.075529704741487,7.055692539058149,1.013447988815644,48.66666666666667,-2.2030173947561904,-1.3090929930823725,1.6496295074756688,0.0994380184150209,-0.14474361021086257,750
ridge,7,21.198609141395213,27.954799135898032,7.06094155156131,7.009900399929777,1.0085143705369068,50.13333333333333,-0.11626215051727673,-0.4569392906460079,0.07188314034831673,0.9427140971118244,0.013345602392182028,750
lightgbm,7,21.390440982635397,28.411933795859458,7.102112129051595,7.08491746253948,1.0176406847836041,48.13333333333333,-3.6025866650802207,-2.099675071366547,1.1795629532503278,0.2385486073817851,-0.02695330658365614,750
xgboost,7,21.148816074480408,28.013862701297466,7.032030790436757,7.0063739964642116,1.006145487597383,49.86666666666667,-0.32046122733735416,-0.6691871045106712,0.14970638734880198,0.8810365703672699,0.0157978023072041,750
gru_attention,7,20.821681219039434,27.551780970788837,6.915181810653835,6.924498423058954,0.9905821928257703,55.86666666666667,1.5244269612656902,0.9913262164172099,-0.6036675731055692,0.546247449910122,0.15454885430907433,750
tcn,7,21.5433179358583,28.676168769777753,7.196315001599389,7.162472107573851,1.0249137376155528,48.8,-5.997196294826224,-3.0492163864135557,1.4526256524889438,0.14674650717993806,0.017510217795942747,750
transformer,7,22.004519802606083,29.083839835235544,7.2530495054210276,7.308408289068534,1.046855210625936,50.53333333333333,-8.868024345862601,-4.51420231867361,1.701644311372965,0.08923706689019795,0.01015287849400621,750
ensemble,7,21.14010763352254,27.948040431857855,7.030977759178465,7.011731589238858,1.005731187404743,46.53333333333333,-0.6686583852909544,-0.43265155678868794,0.47958509653794,0.6316624487279598,-0.01867115141538029,750
naive,8,22.52913222675807,29.73721242717081,7.49276363446192,7.4932227628274894,1.0000000000000002,,0.0,0.0,,,,749
drift,8,23.08344727059427,30.43176285561878,7.708962735887963,7.650434077151713,1.0246043672813037,47.66355140186916,-4.298201676147695,-2.3356272217814222,1.9312728714955145,0.053826830798296886,-0.18774839893476508,749
arima,8,22.8429153391699,30.10786335519077,7.623752348085098,7.525476130686341,1.0139278827632408,52.069425901201605,-0.7111491451789798,-1.2464212270323571,0.29445191182934843,0.7684942997480092,0.022900037840114806,749
theta,8,22.871982966350977,30.190202773954162,7.60773639293377,7.574686244230562,1.0152181067669224,49.93324432576769,-2.5826445672520792,-1.5233113994553626,1.7107992135696015,0.08753280555751795,-0.15749378493963428,749
ridge,8,22.607072850089924,29.862150633768973,7.550195197694418,7.478974815114296,1.0034595483992628,51.66889185580774,0.09503957088284887,-0.42014094933795487,-0.05105610097575839,0.9592944473771383,0.03268954684677609,749
lightgbm,8,22.828106620335895,30.39141068118133,7.586941152976998,7.558726892181913,1.013270568549584,48.99866488651535,-3.639695696025469,-2.1999313338891824,1.117057507869162,0.2643284121079118,-0.026265066434390236,749
xgboost,8,22.63206426859487,29.95826422757406,7.53539488599716,7.501025031522908,1.0045688418355747,50.467289719626166,-0.40972398864678183,-0.7433507795817196,0.1838945652634936,0.8541460078562199,0.006484253514489906,749
gru_attention,8,22.249886998751503,29.559157862920856,7.392507469459946,7.412388120479621,0.9876051494040726,57.409879839786385,0.7470210155595458,0.598760104653473,-0.2549322119854326,0.7988455309837313,0.14203996772880773,749
tcn,8,23.19292556903436,30.76609605021165,7.767213577223788,7.757097521888038,1.0294637776366684,49.93324432576769,-7.729406629880153,-3.459919538728351,1.6548778955272336,0.09836875981912563,0.0019957876098612762,749
transformer,8,22.89999561271669,30.24111506671519,7.604123881865478,7.632897771467217,1.0164615033648812,52.87049399198932,-4.098845552001773,-1.6945187474397105,1.0218141526908187,0.30719922534944955,0.03332032014165054,749
ensemble,8,22.562271967546426,29.87186479631068,7.5155904771607736,7.487350739079064,1.001470972803338,49.39919893190921,-0.669750252813972,-0.4528076378027768,0.46025251749199086,0.6454687405015183,-0.01989110614509185,749
naive,9,23.980093726499835,31.57222051590073,7.993859378494114,7.992752258413168,1.0,,0.0,0.0,,,,748
drift,9,24.751679137799645,32.405288093954596,8.282081855843613,8.208994197922772,1.0321760798810868,47.32620320855615,-4.845595821743487,-2.6386093991529913,1.959985736991169,0.05036885348600873,-0.19472035059839823,748
arima,9,24.435751189633024,31.999643166337222,8.185109430649494,8.063895944393263,1.0190014879979243,51.20320855614974,-0.797516411996968,-1.353793440728146,0.29883967856023663,0.7651454889348972,0.026550989518858793,748
theta,9,24.499557173632173,32.126104694829614,8.1639513755757,8.121787160752787,1.0216622775981186,47.72727272727273,-2.967585948610929,-1.7543402709034428,1.789889457221529,0.07387662014632215,-0.17380793100935904,748
ridge,9,24.141959827896088,31.696966567637244,8.087564704255357,7.999419397176939,1.0067500195471455,50.93582887700535,0.25132488225818594,-0.3951133296870468,-0.12081334360024615,0.9038713689723208,0.0419456396658222,748
lightgbm,9,24.178711405698223,32.286328601930336,8.069867916616436,8.03504672114167,1.0082826064594943,49.19786096256685,-3.6304105093414973,-2.261824079399033,1.040987721592897,0.29821804448800104,-0.018098539535579612,748
xgboost,9,24.06295740670249,31.827145089635202,8.04424008913889,8.005525526950844,1.0034555194465768,51.20320855614974,-0.549066989387792,-0.8074331471430218,0.23511534118428828,0.8141836478268389,0.010723946455879133,748
gru_attention,9,23.721372129495872,31.45514493599955,7.920659037912597,7.90711872295969,0.9892109847461499,55.481283422459896,0.18879004939963417,0.3708183269599985,-0.05471512974569528,0.9563800455501498,0.11700563776707824,748
tcn,9,24.557530755514446,32.42374788978769,8.25952000030543,8.217308956453676,1.0240798487112042,48.663101604278076,-6.25209298253484,-2.6970778740700307,1.7140905574816792,0.08692692178508254,-0.004168089936120828,748
transformer,9,24.990521215226988,33.06260252515483,8.315302166250234,8.37513513012947,1.042136094222624,51.87165775401069,-9.65605328159902,-4.720548586386242,1.4408179757857118,0.15005512800015863,0.036756637940924285,748
ensemble,9,24.11462645082604,31.744144704328175,8.06342412697905,8.023918937479314,1.005610183423826,48.93048128342246,-0.8226838409264081,-0.5445425935146186,0.47986084145708885,0.6314668171830946,-0.010211469095934941,748
naive,10,25.572503719304304,33.40326743212877,8.524187363536175,8.51970984321807,1.0,,0.0,0.0,,,,747
drift,10,26.395117946197562,34.376426395506115,8.843000991120787,8.751908625617563,1.0321679189461719,47.121820615796516,-5.320814064921753,-2.913364584332001,1.9715285820275663,0.04903257916834641,-0.2060853412071247,747
arima,10,26.018316374391986,33.8898519983865,8.722996650642242,8.574558629654673,1.0174332814643856,51.80722891566265,-0.88608883175334,-1.4566975139375327,0.30432164167073245,0.7609677283302759,0.005774470622666434,747
theta,10,26.15988308160072,34.05253658978552,8.720198134846203,8.666447035099763,1.0229691769231424,47.52342704149933,-3.2643780768645048,-1.943729483877532,1.8256615620622514,0.06830089693882305,-0.19200395509004806,747
ridge,10,25.71602500688777,33.53989035650078,8.622068440588919,8.513324287500911,1.005612328349184,51.40562248995983,0.31345500485923106,-0.4090106593602094,-0.13860551858665707,0.8897992881392457,0.04387736318962248,747
lightgbm,10,25.77637725614725,34.19720193244026,8.61758408224845,8.571189126658986,1.0079723729471606,49.26372155287818,-3.8188306282701534,-2.37681688452982,1.0327540811320035,0.30205368315838105,-0.02001790764727704,747
xgboost,10,25.67935237515414,33.760592296832726,8.590388798912945,8.54378458977196,1.0041782633809602,51.67336010709504,-1.0097415556890033,-1.0697302754288707,0.41310164847935765,0.6796508512461897,0.002565839622630103,747
gru_attention,10,25.28667929018607,33.35841612772286,8.445426818812283,8.449207468226449,0.9888229782951417,57.42971887550201,-0.35233332893358504,0.1342722070439395,0.11381281361026473,0.9094168029456703,0.07726143351344043,747
tcn,10,26.413858882507462,34.84309561505143,8.862378732623945,8.806809197565144,1.0329007739108482,48.058902275769746,-8.57545774742876,-4.310441144262933,1.7426662544268772,0.08180398694224653,-0.01544907389734419,747
transformer,10,25.981455570214017,34.45505127235489,8.632125897716055,8.747915369156537,1.0159918581066039,54.75234270414994,-7.375542702616311,-3.1487453805625787,1.158741509779521,0.24693235308961597,0.06755890531776286,747
ensemble,10,25.650934807304598,33.59709030267725,8.580730975243172,8.53718427159361,1.0030670085675297,49.39759036144578,-1.0076165754710376,-0.5802512312375052,0.5832991836480809,0.5598682050006832,-0.031879348910602776,747
