level,horizon,empirical_coverage,mean_width,n
0.8,1,0.8095238095238095,0.08586689903850542,756
0.8,2,0.8145695364238411,0.12871982289596298,755
0.8,3,0.8169761273209549,0.15518970490247963,754
0.8,4,0.8260292164674635,0.18930303349657393,753
0.8,5,0.8231382978723404,0.21117875804092584,752
0.8,6,0.8402130492676432,0.23290963081687424,751
0.8,7,0.8333333333333334,0.2534460670951086,750
0.8,8,0.8264352469959947,0.2834853257029327,749
0.8,9,0.8355614973262032,0.30512069393613767,748
0.8,10,0.8487282463186078,0.32965382823049927,747
0.95,1,0.9603174603174603,0.16688973839010357,756
0.95,2,0.9655629139072848,0.2597451344853765,755
0.95,3,0.9602122015915119,0.33763265643913587,754
0.95,4,0.9601593625498008,0.37728279525600533,753
0.95,5,0.9627659574468085,0.42464062721472456,752
0.95,6,0.9640479360852197,0.4582262579352146,751
0.95,7,0.9666666666666667,0.49202926374289274,750
0.95,8,0.9599465954606141,0.5137729582306444,749
0.95,9,0.9518716577540107,0.5343540989813967,748
0.95,10,0.9531459170013387,0.5703046669236372,747
