date,forecast,change_%,prob_up_%,lower_80,upper_80,lower_95,upper_95
2026-10-07,380.6275991400024,-0.013763144054568244,50.74999999999999,368.34109306392196,392.9093210357126,360.10886286178055,400.74493070298985
2026-10-08,380.31059327262943,-0.09703672645241523,47.86967418546366,363.8893474525627,397.7421923542989,350.0019664730121,410.8347430566522
2026-10-09,380.3924812196034,-0.07552575961689012,48.24120603015075,362.3489976312622,400.94241858570916,344.15181725013974,422.15487014197333
2026-10-12,380.2887379575603,-0.10277785167298603,49.622166246851386,358.2076388551418,404.0592895792058,335.40399802322327,425.62718445775295
2026-10-13,380.6422858662159,-0.009905119862052558,49.24242424242424,357.9739328542209,407.37981643827067,335.71581736000593,428.11181019420843
2026-10-14,380.84127273688745,0.042366308765662275,50.37974683544304,356.6687474829799,407.5927807826374,333.47139578862976,433.92139840068046
2026-10-15,381.4576082762535,0.20427015221009537,52.28426395939086,354.6603248042295,408.71744936634616,328.87554625622386,442.54355856552604
2026-10-16,381.5499671440786,0.2285317024890876,53.18066157760815,352.1271299612907,410.1757142357736,328.9551739067112,454.5632104389172
2026-10-19,382.18387147145165,0.3950506526753994,52.55102040816326,350.7118709649308,410.85717717019236,326.4653376416135,455.3184184351821
2026-10-20,381.9466609323904,0.3327383316642729,52.94117647058824,349.4401337391813,412.6768870587021,326.26270999427555,457.76538043537533
